{"cameraMode":{"drawMode":0,"name":"Shaded","section":"Shading Mode"},"sceneLighting":false,"audioPlay":false,"sceneViewState":{"showFog":true,"showMaterialUpdate":false,"showSkybox":false,"showFlares":true,"showImageEffects":true,"showParticleSystems":true},"in2DMode":false,"pivot":{"x":-12.284163475036621,"y":0.809999942779541,"z":-5.978093147277832},"rotation":{"x":0.06168069690465927,"y":-0.9278992414474487,"z":0.17778824269771577,"w":0.3218991458415985},"size":2.598076105117798,"orthographic":false}